text,label
I'm not okay. I need a moment. That ending destroyed me and I need someone to talk to right now.,reaction
"The case against five-year max extensions for non-franchise players is empirical: of the last 20 five-year max deals given to players outside the top-15 in VORP at signing, only 4 produced positive net rating over the full contract length.",analysis
Turned it off in the third quarter because I couldn't take the stress. Just checked the final score. I need to sit down.,reaction
"Historically, teams that ranked top-5 in defensive rating AND top-10 in three-point attempt rate have won 9 of the last 14 championships. The data strongly suggests you need elite defense and a modern offense to compete at the highest level.",analysis
Teams with a shot creation hierarchy problem are easy to identify: their clutch time offense drops more than 15 points per 100 possessions from regulation. The lack of a designated closer creates possession-level uncertainty that compounds at high leverage.,analysis
The Knicks will never win a championship until they stop drafting projects and actually spend money on a legitimate star in free agency.,hot_take
I drove two hours to this game tonight and I would drive ten. Best decision I've made all year.,reaction
I've been awake since 6 AM and I'm not sleeping after this game. Too many emotions. Everything is on fire.,reaction
The franchise player premium is real and quantifiable. Teams that build around a top-5 VORP player win 12.3 more games per season than teams with equivalent overall roster quality but no clear franchise piece. The variance reduction from elite talent simplifies every other roster decision.,analysis
That performance deserves a standing ovation. From me. Alone. In my apartment. Which is what just happened.,reaction
Someone tell me that just happened. Someone confirm that actually happened because I need a witness.,reaction
I've been a fan for 30 years and I've never felt this way after a win. This team means everything.,reaction
Paul George has been a fraud in every big moment of his career. He gets a pass because of his regular season stats but big moments expose him every time.,hot_take
Jayson Tatum will never be a top-five player because his shot selection in the clutch is indefensible. He forces the issue when he should be creating for others.,hot_take
Players should not be allowed to switch conferences in free agency. It destroys competitive balance and the league should have geographic restrictions.,hot_take
The modern NBA is soft. Players from the 80s and 90s would absolutely dominate today's game. Remove the hand-check rules and half these stars disappear.,hot_take
Stop. Just stop. I don't want to hear about moral victories. We lost and it hurts and I'm allowed to feel that.,reaction
Three-point shooting variance — the game-to-game inconsistency of above-average shooters — is the most underappreciated playoff wildcard. Teams with a higher-variance shooting profile win series they shouldn't 31% of the time and lose series they should win 29% of the time.,analysis
"Kevin Durant's true shooting percentage career average of 63.4% is the highest among players with 20,000+ career points. His combination of shot volume and efficiency is historically unprecedented and likely won't be replicated.",analysis
LeBron's decision-making in transition — specifically when he chooses to push versus pull up — tracks at 87% accuracy to the statistically optimal choice. This is the highest documented decision-making rate in transition play in the SportVU era.,analysis
Minnesota's defensive improvement from bottom-10 to top-5 between 2022 and 2024 tracks almost perfectly with Gobert's rim protection statistics. Their opponents' interior shooting dropped from 67% to 59% — a shift that accounts for roughly 8 points per 100 possessions.,analysis
"The 1990s Bulls could not have possibly competed with a modern NBA team. The pace, spacing, and athleticism would destroy them.",hot_take
The NBA's All-Star voting process is broken. Fans are voting for popularity not performance and the results embarrass the league every single year.,hot_take
"The reason Kawhi Leonard wins championships on different teams is his defense. His defensive RAPTOR rating is the highest among active players, and teams with him on the court give up 6.8 fewer points per 100 possessions regardless of their other personnel.",analysis
I'm fine. Everything is fine. We just blew a 15-point lead with 7 minutes left. I'm completely fine.,reaction
"Steph Curry's off-ball movement generates approximately 7.3 open shots per game for his teammates according to tracking data, even when he doesn't touch the ball on the possession. His gravity is the single most impactful off-ball effect in league history.",analysis
That steal and layup in the last 2 seconds... I dropped my phone. I genuinely dropped my phone.,reaction
The next person who tells me this team isn't worth watching gets blocked. Did you SEE that?,reaction
Denver's back-to-back title run failed in the second attempt because fatigue and film study compounded. Their half-court offense efficiency dropped 7 points in the second playoff run's second round — suggesting opponents had solved their key actions within one full calendar year.,analysis
Sam Presti is a genius at accumulating assets and terrible at actually using them. OKC has been rebuilding for a decade and have nothing to show for it except draft picks.,hot_take
He's playing with 4 fouls and coach leaves him in. Coach leaves him IN. I'm sweating through my shirt.,reaction
"Tatum's third-quarter struggles in elimination games are statistically notable: he shoots 38% from the field and averages 3.2 turnovers specifically in Q3 during series-deciding games, compared to 47% and 1.8 turnovers in regular season third quarters.",analysis
Boston's defensive system ranks first in the league using only one defensive principle: everyone on the team ranks in the top-15 at their position in on-ball containment. You don't need a rim protector if nobody gets to the rim.,analysis
"The evidence on aging curves for playmakers shows that their peak efficiency (not peak production) occurs at 27-29, not 25-27. Distributors improve their decision latency — the time between perception and pass — through experience more than any physical attribute.",analysis
"The reason small-ball lineups won three championships between 2015 and 2022 is pace. Teams using a center under 6'10"" averaged 103.4 possessions per game versus 98.1 for traditional lineups. More possessions means more opportunities to compound a talent advantage.",analysis
Stephen Curry ruined basketball. Nobody wants to watch teams chuck threes all game. The Warriors dynasty destroyed the sport.,hot_take
"Giannis's free-throw improvement from 63% in 2019 to 72% in 2023 is directly tied to his ability to initiate contact earlier in the paint. His rim pressure creates more open mid-range looks for his teammates, which is why Milwaukee's offense rating jumps 4.2 points when he's on the court.",analysis
The second-year jump in scoring output correlates most strongly with improved free-throw drawing rather than shot selection improvement. Players who increased their FTA by 2+ per game from year one to year two averaged a 5.8 ppg improvement.,analysis
They really just won. On the road. Against that team. In 6 games. I refuse to believe it until I see the final score on the app.,reaction
That is the worst call I have ever seen in any sport. That includes soccer. That includes hockey. The worst call in professional sports history.,reaction
YESYESYESYESYES. I don't even care about the rest of the game. That made the whole night worth it.,reaction
Kevin Durant is the most talented scorer the NBA has ever seen and it's not even a debate. Michael Jordan would not average 35 points in today's game.,hot_take
Watching this game with my dad and when that buzzer went off he hugged me and I'm not going to be okay for a while.,reaction
Gregg Popovich is coasting on his reputation. The Spurs have been irrelevant for five years and nobody holds him accountable.,hot_take
Jokic's regular season MVPs are meaningless because he systematically underperforms in the playoffs when physical teams exploit his lack of quickness.,hot_take
The championship probability model at 538 historically gives too much weight to regular-season win totals and too little weight to third-round playoff health. The best predictor of Finals appearances is whether a team's top-two scorers played 75%+ of playoff games the year before.,analysis
Draft picks are overvalued by every front office in the league. Teams are trading stars for picks and fans are accepting a worse product for five years on the promise of a maybe.,hot_take
"The NBA lottery reform in 2019 created a compression effect at picks 1-4 that teams haven't fully priced in. The probability of a top-4 pick producing an All-Star now differs by only 6 percentage points between the worst team (27%) and the 6th-worst team (21%), making tanking mathematically less rewarding.",analysis
"Phoenix's offense with Booker and Durant on the court together posts a 121.4 offensive rating, which ranks in the top 3 among all two-player pairings league-wide. The issue is their -8.2 net rating when both sit, which exposes roster construction problems.",analysis
The NBA's Christmas Day slate has been terrible for the last five years. They keep picking the same boring matchups and wondering why ratings are declining.,hot_take
Everyone said rebuild. Everyone said tanking. THIS is why you trust the process.,reaction
Dallas's championship run demonstrated a specific formula: elite half-court execution (ranked 4th in half-court offense) plus above-average transition defense (ranked 8th in limiting fast break points). Neither element alone would have been sufficient.,analysis
The free-agency market consistently overvalues players coming off career years. Research across 15 years of NBA contracts shows players who sign max deals after career-high scoring seasons average a 2.4-point efficiency drop the following year.,analysis
The position revolution is overstated. What looks like positionless basketball in the data is actually positional flexibility — teams running the most versatile lineups still use a clear center 78% of their possessions in the half court. The role hasn't disappeared; the skill set expanded.,analysis
LeBron coming back to the Lakers for one more year is the most desperate move in NBA history and everyone knows it except his own fan base.,hot_take
"Sacramento's Domantas Sabonis provides value that box scores miss: his screen-setting frequency of 14.7 per game is third in the league, and his screens result in separation for teammates at a 68% rate vs. league average of 54%. He essentially adds a whole extra offensive action per possession.",analysis
Absolutely incredible scenes. The arena is going crazy. The players are going crazy. I'm going crazy at home alone on my couch.,reaction
Ben Simmons was the most talented player of his generation and he completely threw away his career because of mental weakness.,hot_take
Nobody panic. We have been here before. I have been here before. I'm panicking.,reaction
Kyrie Irving's team in Dallas is not a championship contender. He's only good when LeBron is carrying the team and he doesn't have that anymore.,hot_take
DeAndre Ayton was one of the biggest draft busts in the last decade. He had first-overall talent and settled for being a rotation piece on bad teams.,hot_take
Giannis Antetokounmpo can't create his own shot and will never win another championship without a legitimate co-star who can play in the fourth quarter.,hot_take
Kawhi Leonard is soft and his injury history proves he doesn't have what it takes to be considered among the all-time greats.,hot_take
Why do I watch this team. WHY DO I WATCH THIS TEAM. I love them so much it physically hurts.,reaction
The defensive rating improvement correlating with adding a shot-blocker versus adding a perimeter stopper depends entirely on opponent tendencies. Teams that face above-average rim-attackers get more value from a shot blocker; teams in perimeter-heavy conferences get more from a stopper.,analysis
Tyler Herro is the most overrated player in the NBA and the media's obsession with him is embarrassing. Heat culture doesn't apply to someone who disappears when it matters.,hot_take
"Looking at Jokic's playoff numbers over the last four years, his assist-to-turnover ratio actually improves from 3.2 in the regular season to 4.1 in the postseason, which suggests he actively tightens his decision-making when stakes are highest.",analysis
"Miami Heat culture is a myth manufactured by the media. They've had LeBron, Wade, and Bosh and still only won two titles. That's not a culture — that's superstar luck.",hot_take
That was exhausting. That was exhilarating. That was perfect basketball. I need a nap.,reaction
Oh no. Oh no no no. We're up by 2 with 30 seconds left. I know exactly how this ends and I hate it.,reaction
"Miami's system longevity under Spoelstra is explained by one variable: player autonomy in read-and-react decisions. Their offense runs fewer scripted plays (6.2 per game) than any team in the league, generating the highest improvised assist rate in the Eastern Conference.",analysis
Just saw the highlights from last night's game. Had to watch them four times. Absolutely unreal.,reaction
The Denver Nuggets are a one-man team. Remove Jokic and they're a 35-win franchise with no offense and below-average defense.,hot_take
Victor Wembanyama is already better than LeBron James and it's not even close to a debate at this stage of their respective careers.,hot_take
Donovan Mitchell is a fraud. His entire value comes from volume scoring in a system that has never produced a single playoff series win he deserved credit for.,hot_take
The Toronto Raptors won a championship because Kevin Durant tore his Achilles in Game 5. Without that injury they lose that series 4-2 and nobody remembers them.,hot_take
The way this city has waited for a moment like this... I don't have words. I genuinely don't have words.,reaction
The ref watched a guy travel four steps in slow motion and called a foul on the defender. I'm speechless. Genuinely speechless.,reaction
"Zion Williamson's best outcome comps are Charles Barkley, not Shaq. His athleticism profile — explosive laterally but not vertically dominant — predicts he'll develop into a high-volume mid-post scorer rather than a rim-running center as he ages.",analysis
Called it from the beginning of the season. Nobody believed me. Who's laughing now??,reaction
LETS GOOOOOO! That's what I'm talking about. Championship mentality right there!,reaction
Draymond Green is holding the Warriors back more than any other single player in the league. He should have been traded three years ago.,hot_take
"New Orleans's window will close faster than analysts predict. Their roster is built around a 28-year-old Zion Williamson who has a documented history of soft-tissue injuries, and their depth chart lacks the veteran experience needed to sustain playoff runs at his current age.",analysis
That dunk should be illegal. Someone call the police. I have never seen athleticism like that in my life.,reaction
Bam Adebayo has been overpaid since his extension and the Heat will regret that contract in two years when his athleticism starts declining and his offensive limitations become more exposed.,hot_take
Nikola Jokic would be a second-round pick if he entered the draft today. The league has completely passed him by athletically.,hot_take
The Chicago Bulls would have three more championships if Scottie Pippen had demanded his own max deal instead of playing Robin to Jordan forever.,hot_take
"I'm crying actual tears. After everything this team has been through, they deserve this so much.",reaction
The Celtics are paper champions who got lucky with a soft bracket and will not repeat. Their defensive scheme is easily solved by any team with a legitimate shooter at every position.,hot_take
"Chris Paul's genius has always been pace manipulation. His teams average 7.2 fewer possessions per game when he starts versus when he's injured, but their half-court offensive rating actually improves by 3.1 points. He intentionally sacrifices pace for quality of shot.",analysis
The Los Angeles Clippers are the most cursed franchise in NBA history and their move to the new arena will not change their fundamental problem which is an inability to develop culture.,hot_take
I forgot about this game until the fourth quarter. Turned it on with 4 minutes left. Nearly had a heart attack. Great Tuesday.,reaction
Just witnessed history. I don't care what anyone says — that was the greatest individual performance I have ever seen live.,reaction
Chet Holmgren is going to be a bust. He's too skinny to guard real NBA bigs and his offensive game against elite perimeter defenders is completely untested.,hot_take
"Atlanta's offensive efficiency rankings are consistently 8-10 positions above their defensive rankings, which is why their playoff ceiling is structurally limited. Teams that crack the second round consistently rank top-8 in both offensive and defensive rating.",analysis
He's incredible. He's absolutely incredible. I have no other words. Just incredible.,reaction
Back to back wins after that losing streak and the energy is completely different. You can feel something shifting.,reaction
"Sacramento's recent resurgence is directly tied to Sabonis's gravity. His 8.2 assists per game from the center position force defenders to honor the threat of his interior passing, creating late-rotation errors that Fox exploits in the pick-and-roll at a 1.31 PPP clip.",analysis
Portland's shot distribution is one of the worst in the league statistically: 31% of their attempts come from the mid-range pull-up zone where league average efficiency is 0.84 PPP. Correcting this alone would add roughly 3 wins to their season total.,analysis
Golden State ruined their dynasty by not trading for a real center after 2018. The Draymond-as-center experiment was the beginning of their decline.,hot_take
"Chicago's offensive stagnation directly correlates with Zach LaVine's injury absences. When LaVine misses games, their half-court offensive rating drops from 108.2 to 101.4 — a 6.8-point swing that reveals how much they depend on his creation.",analysis
My heart is racing and the game ended 45 minutes ago. I need to see a doctor.,reaction
James Harden ruined three franchises with his contract demands and the league lets him because he's too entertaining to hold accountable.,hot_take
The entire NBA officiating department needs to be fired and replaced. There is no explanation for the disparity in foul calls other than corruption.,hot_take
Anthony Edwards will win more championships than Luka Doncic and the league knows it but nobody will say it on national television.,hot_take
I CANNOT believe what I just watched. That buzzer beater was the greatest shot I have ever seen in my entire life.,reaction
The media's obsession with Luka Doncic is manufactured. His playoff failures are more telling than any regular season statistic.,hot_take
I screamed so loud my neighbor knocked on my wall. Worth it. Completely worth it.,reaction
My blood pressure right now. Why do I keep watching this team? Why do I do this to myself every single year?,reaction
"Utah's rebuild will take at minimum three drafts to produce a playoff-caliber team. The track record of teams rebuilding from lottery picks alone without a star acquisition shows it takes 5-7 years to reach contention, not the 2-3 fans typically expect.",analysis
He really just did that. He really just DID that. In Game 6. I can't process this right now.,reaction
Chris Paul's reputation as a winner is entirely manufactured. Look at his actual playoff record — he has never gotten his team over the hump when it mattered.,hot_take
Wembanyama is the biggest bust in NBA history waiting to happen. He's too fragile to survive the physical punishment of 82 games per season.,hot_take
Giannis refusing to develop a jumper is the most selfish thing a player can do to their team. He's holding Milwaukee hostage with his refusal to expand his game.,hot_take
Championship. We're talking about a championship. I said it out loud for the first time all season and now it feels real.,reaction
"Orlando's young core is more advanced defensively than offensively because their coaching staff runs structured defensive schemes that can be taught efficiently, while offensive creation — which requires individual improvisation — takes years longer to develop at the NBA level.",analysis
Isaiah Thomas was better than most current All-Stars in his prime and the Boston Celtics should have done more to keep him healthy.,hot_take
"The G-League is a waste of money and resources. Nobody watches it, players don't develop there at the same rate as international leagues, and the NBA should eliminate it.",hot_take
My roommate just ran into the living room from the kitchen because he heard me screaming. He watched the replay five times.,reaction
I'm so angry right now I can barely type. That was ours. That game was OURS.,reaction
Rudy Gobert should not have three Defensive Player of the Year awards. He protects the rim in one of the most scheme-dependent environments in league history.,hot_take
"Bam Adebayo's defensive impact is most visible in transition prevention: teams turn over the ball 4.2 fewer times per 100 possessions in the half court when he anchors Miami's defense, because his presence eliminates the interior lanes that generate quick stops and live-ball turnovers.",analysis
The Memphis Grizzlies are a flash-in-the-pan team and they will fall apart the second Morant has another injury. They have zero depth behind him.,hot_take
The NBA has completely lost the plot on what makes basketball watchable. Every team plays the same system and the games are increasingly interchangeable.,hot_take
"Luka Doncic's euro-step frequency is 4.3 times per game in the regular season, dropping to 2.9 in the playoffs. Opponents study it aggressively and create body contact earlier. His playoff scoring dips accordingly — from 29.7 to 28.2 — but his turnovers jump from 3.8 to 4.6.",analysis
That block was the single most important defensive play I have watched in ten years of following this team.,reaction
"The best predictor of playoff success for guards is, surprisingly, their regular-season games played count. Guards who play 75+ regular season games have a 34% higher chance of exceeding their seeding in the playoffs than those averaging 65-70 games.",analysis
Damian Lillard wasted his prime in Portland and now he's wasting it in Milwaukee. He will never win a championship because he's not a true number one option.,hot_take
The Eastern Conference has been an absolute joke for 15 years and it's insulting to compare anyone from the East to Western Conference champions.,hot_take
The whole fourth quarter my hands were shaking. My girlfriend was looking at me like I needed help. I did not need help.,reaction
Turn off the game. I'm done. I can't watch this anymore. Absolutely pathetic performance.,reaction
"Anthony Davis's injury track record is directly tied to his perimeter defense assignments. In games where he defended two or more perimeter players, his games-missed rate in the following week is 3x higher than games spent guarding bigs.",analysis
Load management is the biggest problem in professional sports. These guys are getting paid $40 million a year to not play basketball games.,hot_take
Still can't sleep. Three hours after the game ended. Just lying here thinking about that play.,reaction
The best indicator of a first-round pick's long-term value isn't their Draft Combine measurables — it's the quality of player they competed against in their final college or international season. Players facing top-5 competition in their formation years adapt to NBA athleticism faster.,analysis
I haven't felt this much joy watching a sporting event since I was twelve years old. Sports can still do that to you.,reaction
"Nikola Jokic is not a great defender and his MVPs are the result of a media narrative, not actual two-way dominance.",hot_take
The league-wide move away from isolation basketball was a mistake pushed by analytics departments that don't understand what casual fans actually want to watch.,hot_take
Fifteen years as a fan. This is the night I'll tell my kids about. This is the night.,reaction
Karl-Anthony Towns will go down as the biggest waste of talent in NBA history. He has every physical tool and zero competitive fire.,hot_take
"The impact of home court advantage has decreased from 62% win probability in 2005 to 57% in 2024. The primary driver is load management — teams increasingly rest players on road games and recover for home games, compressing talent differentials.",analysis
"Indiana's playoff run last year was underpinned by their pace — 103.2 possessions per game, nearly 4 above league average. When opponents slowed them below 98 possessions, Indiana's point differential went from +8.3 to -3.1.",analysis
"Paul George's playoff struggles are structural, not psychological. His three-point percentage on catch-and-shoot drops from 41% to 34% in the playoffs because opponents overload his spots faster. The solution isn't mental — it's creating more off-dribble looks where opponent positioning matters less.",analysis
"Tyrese Haliburton's assist numbers are historically rare for his age, but the metric that stands out is his hockey-assist rate: 41% of his assists follow a pass he initiated two touches earlier. He's running actions, not just finishing them.",analysis
Kyrie Irving is the most gifted ball-handler and shot creator in league history and he gets no credit for it because of his behavior off the court.,hot_take
Joel Embiid would be the best player in the league if he played 70 games a year. His talent is unprecedented but his durability is unacceptable at his salary.,hot_take
Brooklyn's team-building errors from 2021-2023 illustrate a fundamental misunderstanding: acquiring multiple max-salary stars who need the ball at the same time doesn't create a superteam — it creates a scheduling conflict. The data on multi-star teams shows each star above the second reduces team efficiency by 1.8 points per 100.,analysis
Trae Young is the most selfish player in the NBA and the Atlanta Hawks will never win a playoff series as long as he's their number one option.,hot_take
"Every team in the Western Conference except the Nuggets is pretending to be a contender. Once they face Jokic in a seven-game series, the facade collapses.",hot_take
"Whatever happens tonight, I want this team to know their fans see how hard they've worked. That effort is not going unnoticed.",reaction
This team makes me feel things I am not emotionally equipped to handle on a Tuesday night.,reaction
The analytics case for going small in the fourth quarter isn't about scoring — it's about switching. Teams using a traditional center in fourth quarters of close games give up 0.7 more points per 100 possessions than small-ball lineups due to switching mismatches.,analysis
I need a minute. Just need a minute. Okay I'm back. WHAT JUST HAPPENED.,reaction
This is the most fun I've had watching basketball in years. I forgot what it felt like to actually enjoy a game.,reaction
Cleveland's recent playoff runs demonstrate one principle: a center who can capably defend one-through-five while posting positive offensive production on low-usage is worth more than a traditional big with superior individual stats. Mobility coefficients at the center position predict playoff success more than any single statistical category.,analysis
The correlation between preseason performance and regular season performance for veterans is near zero. Preseason data predicts outcomes for rookies (r = 0.42) but tells almost nothing about how a 28-year-old veteran will perform once the games count.,analysis
Can't stop watching the replay. Over and over. I will be watching this clip every day until I die.,reaction
"The 3-and-D archetype reached peak market value around 2020. Since then, the most sought-after role player profile has shifted toward players who can initiate pick-and-roll offense as secondary handlers. The data shows this creates more efficient possessions than spot-up threes in playoff half-court settings.",analysis
Minnesota's wing rotation is structurally superior to what their record suggests. Their defensive wing group ranks 3rd in deflections per 36 minutes and 2nd in loose ball recoveries. They're one initiator away from being a top-4 seed by xWins.,analysis
Gary Payton II is the most important player the Warriors have and they keep treating him like a bargaining chip instead of building around his defensive identity.,hot_take
The Phoenix Suns are a fraudulent organization that has never built anything real. They had the Booker-CP3 team and completely wasted it.,hot_take
I texted my dad and told him to watch the fourth quarter and I don't regret it. He's gonna lose his mind.,reaction
GAME 7. GAME 7. GAME 7. I am losing my absolute mind right now.,reaction
"LeBron James is the most overrated player in NBA history. His stats look good because he's played for 21 years, not because he's the GOAT.",hot_take
"The NBA's current product is the worst it has been in 30 years. No stars, no rivalries, no identity, just analytics and boring basketball.",hot_take
"The modern NBA's declining mid-range shots are misunderstood. Teams aren't avoiding the mid-range universally — they're avoiding the pull-up mid-range. Catch-and-shoot mid-rangers from 15-18 feet still yield 1.04 PPP, which is above league average.",analysis
"OKC will get destroyed the moment they face a real contender in the playoffs. That entire team is made of regular season talent, not champions.",hot_take
The NBA's officiating data on touch fouls shows a 23% higher foul rate in the first 6 minutes of each quarter compared to minutes 7-12. Players and coaches who exploit early aggression windows consistently outperform their statistical baselines in close games.,analysis
Miami will never get back to the Finals with this roster because Erik Spoelstra doesn't have the offensive chess pieces to beat a healthy Boston.,hot_take
The Indiana Pacers are the most irrelevant franchise in the NBA. They have never made a real run at a championship and their fans deserve better than what that organization provides.,hot_take
"Historically, teams that have won back-to-back titles average 57 wins the season after their first championship. The regression to the mean is driven by opponent film study and the mental challenge of maintaining peak focus over two full campaigns.",analysis
"Damian Lillard's value in Milwaukee's offense isn't his scoring but his gravity. When he's on the court without Giannis, their offensive rating is 112.1 — when Giannis is on without Lillard, it's 110.8. Lillard's gravity is producing more than his direct scoring impact.",analysis
He hit that three and I stood up. Just stood up in my living room by myself and started pacing.,reaction
"Zion Williamson doesn't care about winning. If he cared, he would stay in shape. His talent is wasted on someone with zero professional dedication.",hot_take
Anthony Davis is a top-3 talent who will finish his career without a second ring because he refuses to be aggressive when it matters most.,hot_take
"Ja Morant's playmaking efficiency in the pick-and-roll is elite by every metric: 1.21 PPP as the ball-handler, top-5 in transition assists, and a 42% pull-up three percentage that defenses cannot ignore. His ceiling is only limited by shot consistency.",analysis
Russ Westbrook was more valuable to the Oklahoma City Thunder than Kevin Durant. The stats prove it and anyone who disagrees doesn't understand basketball.,hot_take
We got swept. We got swept in the first round. I don't know what to do with this feeling. I genuinely don't.,reaction
I'm watching with six people and we all lost our minds at the same time. The neighbors definitely heard us. Still worth it.,reaction
Ja Morant's ceiling is overblown by the media. He's an electric athlete who can't shoot from three and will never win anything meaningful.,hot_take
My sister texted me asking if I was okay because I haven't responded to anything since tip-off. I'm fine. I'm totally fine.,reaction
"Oklahoma City's pace-and-space approach under Gilgeous-Alexander has produced a 4.3 point offensive rating improvement in two seasons through one mechanism: SGA's pull-up efficiency forces defenders to stay attached, which opens corner threes at 4.8 more attempts per game than three years prior.",analysis
Checked my heartrate on my watch during that fourth quarter. Peaked at 112. During a regular season game. In November.,reaction
The NBA Finals MVP award should have gone to a different player in every single Finals since 2016. The voters are completely disconnected from actual basketball.,hot_take
Three-point game with two minutes left and we're only in regular season and my stomach hurts like it's the Finals.,reaction
I literally had to call my mom after that game. First time I've called her after a basketball game in my adult life.,reaction
The research on player development shows that players who improve their shot in years 2-4 almost always do so through free-throw work first. Three-point improvement that doesn't follow a free-throw improvement trend is statistical noise rather than genuine mechanical development.,analysis
The Warriors' core dynasty was built on a simple spacing principle: Curry's gravity off the ball created 1.3 additional open corner threes per 100 possessions compared to when he operated as a primary ball-handler. Their championship runs correlate directly with how many off-ball screens he ran.,analysis
The value of the mid-level exception has been systematically overestimated by front offices. Teams using the full MLE for 4-year deals average a 0.3 VORP gain per year after the first — meaning the player is worth their salary in year one and becomes an anchor in years three and four.,analysis
Bro what is happening right now?? This game is absolutely INSANE. My heart literally cannot take this.,reaction
The Sacramento Kings have had nothing but bad luck in the draft since they took the wrong player with the first pick in 1998 and the curse has never left.,hot_take
"The data on player development in non-playoff environments is clear: players improve technical skills (shooting mechanics, footwork) at a faster rate in losing environments with high usage, but develop team basketball instincts — off-ball reads, defensive rotations — slower. The tradeoff matters for franchise-player candidates.",analysis
The draft lottery system should be abolished. Teams shouldn't be rewarded for being terrible. Tanking is an embarrassment to the sport.,hot_take
This game was not good for my health. Not good for my mental health either. Absolutely worth it.,reaction
The atmosphere in that building looks unbelievable. Sports are so special sometimes. I genuinely love this game.,reaction
The crowd in that arena right now must be absolutely unreal. I would give anything to be there.,reaction
I have never been more nervous watching a sporting event in my entire life and I grew up a Cubs fan.,reaction
"The math behind Charlotte's rebuild is straightforward: with two top-10 picks in the last three drafts plus cap space projected to open in 2025-26, they can realistically offer a max contract to a superstar in his prime window while keeping both draft picks.",analysis
"Jimmy Butler needs to be traded. He's past his prime, his attitude is toxic, and keeping him in Miami is the single biggest obstacle to their rebuild.",hot_take
I used to think I was a calm person. This team has dismantled that self-perception completely.,reaction
That foul call was the most embarrassing thing I've ever seen in professional basketball. The refs should be fired tomorrow morning.,reaction
Devin Booker is criminally underrated and would have multiple MVPs if he played in a larger market. The Phoenix market has made him invisible.,hot_take
"Jaylen Brown's value is consistently underestimated by casual metrics because his contributions are distributed: he's not elite at any single counting stat, but ranks top-10 at his position in defensive rating, catch-and-shoot efficiency, and on-ball creation efficiency simultaneously.",analysis
"The modern consensus that points-per-possession is the best offensive efficiency metric has a blind spot: it treats all possessions equally. Possessions generated off live-ball turnovers are 23% more efficient on average, meaning teams who create turnovers are systematically underrated by PPP alone.",analysis
The evidence against heavy minute loads for big men is clear: centers averaging 34+ minutes per game miss 18% more games the following season than those averaging 28-32. Load management for bigs isn't about regular season wins — it's about playoff availability.,analysis
"Looking at LeBron's playoff assist numbers, he averages 9.4 assists in series he wins versus 7.1 in series he loses — the disparity suggests his playmaking, not scoring, is the actual predictor of team success.",analysis
"The Celtics' defensive scheme under Mazzulla forces opponents to shoot pull-up mid-rangers at 38%, which is one of the least efficient shot types in the league. Their drop coverage on screens is calibrated specifically to funnel ball-handlers into that dead zone.",analysis
Melo was better than Kobe in their primes and nobody will say it out loud because Kobe's fans are too loud and too numerous to argue with.,hot_take
Oh my god oh my god oh my god. They just blew a 20-point lead in the fourth quarter. I'm actually shaking right now.,reaction
"OKC's rebuild took five years because it was built correctly: they traded star salaries for multiple first-round picks in the top 10, developed players organically rather than rushing them, and only added veterans once the core had chemistry. The blueprint is replicable.",analysis
"Ja Morant is the most exciting player in the league when he's on the court, which is only about 60 games a year because he can't stay out of trouble.",hot_take
Couldn't watch the last two minutes live. Paced around my apartment. Checked my phone. Screamed. Normal basketball fan behavior.,reaction
First time watching basketball since 2019 and I tune in for THAT. I'm hooked again. Completely hooked.,reaction
Philadelphia's core issues since Embiid's ascent are structural: they consistently build rosters optimized for regular season efficiency that can't replicate that efficiency in the playoffs because opponents game-plan specifically for Embiid's isolation tendencies.,analysis
OVERTIME. OVERTIME! This is the best sport in the world when it's like this.,reaction
"Toronto's repeated success with undrafted and late-round players speaks to their developmental system, specifically their individualized biomechanical shooting coaching. They've produced four shooters above the 70th percentile in catch-and-shoot efficiency from picks 45-60 in five drafts.",analysis
"Cleveland's rebuild succeeded because they identified a repeatable formula: prioritize defensive IQ in the draft over offensive upside, accept slower offensive development, and build team identity around effort and continuity. Four straight playoff appearances from lottery picks validates the philosophy.",analysis
The league's salary cap relative to team revenue has stayed constant at approximately 44% since the 2017 CBA. Teams chasing max-level contracts should understand they're competing in a system explicitly designed to prevent any single team from monopolizing elite talent.,analysis
New York's defensive improvement under Thibodeau is documented in one metric: their conversion rate on opponent half-court sets dropped from 48% to 42% in two seasons. That 6-point improvement translates to approximately 6 fewer points allowed per game in the half court.,analysis
I thought I was done caring this much about basketball. This season reminded me I was wrong.,reaction
"Wembanyama's shot-blocking rate of 4.4 per 36 minutes is the highest for any rookie since Dikembe Mutombo in 1992. More importantly, his blocks result in fast-break opportunities at a 68% conversion rate, meaning his defense directly generates offense.",analysis
"Milwaukee's championship-era offense derived its efficiency from one mechanism: Jrue Holiday and Khris Middleton's combined ball movement forced opponents to make five or more rotation decisions per half-court possession, creating the necessary confusion for Giannis to operate freely.",analysis
Best. Game. Ever. I will remember where I was sitting when that shot went in for the rest of my life.,reaction
